<?xml version="1.0" encoding="UTF-8" standalone="yes"?>
<addon id="plugin.image.bildschirmarbeiter"
       name="Bildschirmarbeiter"
       version="1.0.0"
       provider-name="Tobi4Kodi">
  <requires>
    <import addon="xbmc.python" version="2.1.0"/>
	<import addon="script.module.beautifulsoup4" version="4.3.2"/>
  </requires>
  <extension point="xbmc.python.pluginsource" library="default.py">
        <provides>image</provides>
  </extension>
  <extension point="xbmc.addon.metadata">
    <summary>Picdumps von Bildschirmarbeiter</summary>
    <description>Viele schoene Bilder</description>
    <platform>all</platform>
  </extension>
</addon>
