<?xml version="1.0" encoding="UTF-8" standalone="yes"?>
<addon id="script.switch433"
    name="Power ON"
    version="1.0.6"
    provider-name="Tobi4Kodi">
    <requires>
        <import addon="xbmc.python" version="2.14.0" />
    </requires>
    <extension point="xbmc.python.script" library="default.py" />
    <extension point="xbmc.addon.metadata">
        <summary lang="en">Switch 433 Targets</summary>
        <description lang="en">Switch 433 Targets</description>
        <platform>all</platform>
    </extension>
</addon>